Volatility,Hourly,Yearly
90d,1.4656855290457043,137.18064897671582
12m,1.4256290058117556,133.43156382571365
2y,1.67766932796543,157.0212454294156
